<?xml version="1.0" encoding="UTF-8"?>

<road  id="1" length="30" width="5" default_acc="0" default_velocity="1" sig_dist="15">

    <signals initial_color = "red">
        <signal time = "15">
            </signal>
        <signal time = "20">
            </signal>
        </signals>


    <Vehicles>
        <vehicle>
            <type>Car</type>
            <color>Green</color>
            <display>C</display>
            <length>2</length>
            <width>2</width>
            <max_v>1</max_v>
            <acc>1</acc>
        </vehicle>

        <vehicle>
            <type>Car</type>
            <color>Green</color>
            <display>C</display>
            <length>2</length>
            <width>2</width>
            <max_v>1</max_v>
            <acc>1</acc>
        </vehicle>

        <vehicle>
            <type>Bike</type>
            <color>Blue</color>
            <display>b</display>
            <length>2</length>
            <width>1</width>
            <max_v>1</max_v>
            <acc>1</acc>
        </vehicle>

        <vehicle>
            <type>Bike</type>
            <color>Green</color>
            <display>b</display>
            <length>2</length>
            <width>1</width>
            <max_v>1</max_v>
            <acc>1</acc>
        </vehicle>

        <vehicle>
            <type>Bike</type>
            <color>Green</color>
            <display>b</display>
            <length>2</length>
            <width>1</width>
            <max_v>1</max_v>
            <acc>1</acc>
        </vehicle>

        <vehicle>
            <type>Bike</type>
            <color>Green</color>
            <display>b</display>
            <length>2</length>
            <width>1</width>
            <max_v>1</max_v>
            <acc>1</acc>
        </vehicle>

        <vehicle>
            <type>Bus</type>
            <color>Blue</color>
            <display>B</display>
            <length>3</length>
            <width>2</width>
            <max_v>1</max_v>
            <acc>1</acc>
        </vehicle>

        <vehicle>
            <type>Car</type>        <!-- Type is for description in openGL-->
            <color>Green</color>
            <display>C</display>    <!-- Type determines the character to be displayed on terminal-->
            <length>2</length>
            <width>2</width>
            <max_v>1</max_v>
            <acc>1</acc>
        </vehicle>

        <vehicle>
            <type>Bike</type>        <!-- Type is for description in openGL-->
            <color>Blue</color>
            <display>b</display>    <!-- Type determines the character to be displayed on terminal-->
            <length>2</length>
            <width>1</width>
            <max_v>1</max_v>
            <acc>1</acc>
        </vehicle>

        <vehicle>
            <type>Truck</type>        <!-- Type is for description in openGL-->
            <color>Green</color>
            <display>T</display>    <!-- Type determines the character to be displayed on terminal-->
            <length>4</length>
            <width>2</width>
            <max_v>1</max_v>
            <acc>1</acc>
        </vehicle>

        <vehicle>
            <type>Bus</type>        <!-- Type is for description in openGL-->
            <color>Blue</color>
            <display>B</display>    <!-- Type determines the character to be displayed on terminal-->
            <length>3</length>
            <width>2</width>
            <max_v>1</max_v>
            <acc>1</acc>
        </vehicle>

        </Vehicles>


</road>
