<?xml version="1.0" encoding="UTF-8"?>

<road  id="1" length="30" width="5" default_acc="0" default_velocity="1" sig_dist="15">

  <signal end="15" color="red">

    <vehicle>
      <type>Car</type>        <!-- Type is for description in openGL-->
      <color>Green</color>
      <display>C</display>    <!-- Type determines the character to be displayed on terminal-->
      <length>2</length>
      <width>2</width>
      <max_v>1</max_v>
      <acc>1</acc>
    </vehicle>

    <vehicle>
      <type>Bike</type>        <!-- Type is for description in openGL-->
      <color>Blue</color>
      <display>b</display>    <!-- Type determines the character to be displayed on terminal-->
      <length>2</length>
      <width>1</width>
      <max_v>1</max_v>
      <acc>1</acc>
    </vehicle>

    <vehicle>
      <type>Bike</type>        <!-- Type is for description in openGL-->
      <color>Green</color>
      <display>b</display>    <!-- Type determines the character to be displayed on terminal-->
      <length>2</length>
      <width>1</width>
      <max_v>1</max_v>
      <acc>1</acc>
    </vehicle>

    <vehicle>
      <type>Bus</type>        <!-- Type is for description in openGL-->
      <color>Blue</color>
      <display>B</display>    <!-- Type determines the character to be displayed on terminal-->
      <length>3</length>
      <width>2</width>
      <max_v>1</max_v>
      <acc>1</acc>
    </vehicle>

  </signal>

  <signal end="-1" color="green"> <!-- end = -1 means until the road clears   -->

    <vehicle>
      <type>Car</type>        <!-- Type is for description in openGL-->
      <color>Green</color>
      <display>C</display>    <!-- Type determines the character to be displayed on terminal-->
      <length>2</length>
      <width>2</width>
      <max_v>3</max_v>
      <acc>1</acc>
    </vehicle>

    <vehicle>
      <type>Bike</type>        <!-- Type is for description in openGL-->
      <color>Blue</color>
      <display>b</display>    <!-- Type determines the character to be displayed on terminal-->
      <length>2</length>
      <width>1</width>
      <max_v>4</max_v>
      <acc>1</acc>
    </vehicle>

    <vehicle>
      <type>Truck</type>        <!-- Type is for description in openGL-->
      <color>Green</color>
      <display>T</display>    <!-- Type determines the character to be displayed on terminal-->
      <length>4</length>
      <width>2</width>
      <max_v>2</max_v>
      <acc>1</acc>
    </vehicle>

    <vehicle>
      <type>Bus</type>        <!-- Type is for description in openGL-->
      <color>Blue</color>
      <display>B</display>    <!-- Type determines the character to be displayed on terminal-->
      <length>3</length>
      <width>2</width>
      <max_v>1</max_v>
      <acc>1</acc>
    </vehicle>

  </signal>

</road>
